Country,Minimum wage, Annual Nominal (US$),Annual PPP (Int$),Workweek (hours),Hourly Nominal (US$),Hourly PPP (Int$),Percent of GDP per capita,Effective per
Afghanistan,"5,500 Afghani ($67) per month for non-permanent private sector. The minimum wage for permanent government workers was 6,000 Afghanis ($74) per month. There was no minimum wage for permanent workers in the private sector.[10]",866,3272,40,0.42,1.57,168.30%,2017
Albania,"30,000 Albanian lekë ($280) per month, in private sector and 37,000 lekë ($332) per month in public sector. The law establishes a 40-hour workweek, but the actual workweek is typically set by individual or collective-bargaining agreement.[10][11][12][13]",3277,6523,40,1.58,3.14,56.50%,5-May-17
Algeria,"20,000 Algerian dinars ($156.19) per month, nationally.[14][15]",2010,6247,40,0.97,3,41.60%,1-May-20
Andorra,"€1050.40 per month, €6.06 per hour.[16]",14397,11020,40,6.72,5.3,28%,1-Jan-19
Angola,"21,454 kwanza ($58) per month; paid thirteen times a year.[17][18]",764,2108,44,0.33,0.92,32.70%,1-Apr-19
Antigua and Barbuda,EC$8.20 per hour (US$3.03).[10][19][20],6317,7788,40,3.04,3.74,34.40%,1-Nov-14
Argentina,"32,000 Argentine pesos ($305) per month for up to 200 hours; paid thirteen times a year.[21][22]",8640,44645,48,3.46,17.89,223.90%,1-Nov-21
Armenia,"68,000 Armenian dram ($143) per month.[10][23]",1698,4140,40,0.82,1.99,46.90%,1-Jul-19
Australia,"Most workers are covered by an award, which may vary by employee age, geographical location and industry. Workers receive mandatory employer superannuation contributions of at least 10% (increasing to 12% by 2025) of wages, alongside loadings such as penalty rates or leave loading. Minimum wages are set federally by the Fair Work Commission. For those 21 and older, not covered by an award or other instrument, the minimum wages is A$772.60 ($568.34 USD) per week, or A$20.33 ($14.95 USD) per hour.[24] Casual workers are paid a loading of typically 25%, resulting in a minimum of A$24.80 per hour for those workers. Workers under 21, apprentices and trainees not covered by an award, have a minimum wages set at a percentage of the ordinary rate.[24] For those under 16, this is 36.8% or A$7.30 per hour; A$9.13 with the casual loading.[25]",28734,25110,38,14.54,12.71,54.60%,1-Jul-21
Austria,"None; National collective bargaining agreements set minimum wages by job classification for each industry and provide for a minimum wage of €1,200 ($1,289) per month[dubious – discuss]. Wages where no such collective agreements exist, such as for domestic workers, janitorial staff and au pairs, are regulated by relevant legislation and are generally lower than those covered by collective bargaining. The national minimum wage legislation has lapsed, although is still in force by convention.[26][10]",,,40,,,,2017
Azerbaijan,250 Azerbaijani manat (146$) per month.[27][28],1765,8571,40,0.85,4.12,49.70%,1-Mar-19
The Bahamas,"B$5.25 ($5.25) per hour, B$42 ($42) per day, and B$210 ($210) per week.[10][29][30]",10920,9579,40,5.25,4.61,42.50%,15-Aug-15
Bahrain,None; 300 BHD ($800) for the public sector workers (only applies to Bahraini nationals).[10],,,48,,,,2017
Bangladesh,"1,500 taka ($19) per month for all economic sectors not covered by industry-specific wages; in the garment industry the minimum wage raised to 8,000 taka ($95) per month since 1 December 2018.[31] The minimum wage is set nationally every five years by the National Minimum Wage Board in a tripartite forum industry by industry.[10][18][32][33][34]",214,564,48,0.09,0.23,15.80%,1-Dec-13
Barbados,BDS$6.25 ($3.13) per hour for household domestics and shop assistants; the Ministry of Labor recommends all other sectors use this as the de facto minimum wage.[10][35],6500,5285,40,3.13,2.54,29.30%,1-Mar-12
Belarus,400.00 BYNs per month.[36],0,1,40,0,0,0%,1-Jan-21
Belgium,"€1,593.81 per month.[37][18][38]",21845,21734,38,11.06,11,46.80%,1-Jan-19
Belize,BZ$3.30 ($1.65) per hour.[10][39][40],3861,6774,45,1.65,2.89,80.10%,26-May-12
Benin,"40,000 CFA francs ($70) per month; the government set minimum wage scales for a number of occupations.[18][41]",819,2149,40,0.39,1.03,99.10%,1-Apr-14
Bhutan,"3,750 Bhutanese ngultrum per month.[10][42][43]",639,2020,40,0.31,0.97,22.70%,1-Feb-14
Bolivia,"2122 Bolivian bolivianos ($300) per month.[44] plus an obligatory Christmas bonus equal to one month's pay, prorated for the amount of time the worker has worked in their present position. Plus a second Christmas Bonus if the government decries the economy grew enough, plus an extra month paid in May if the company made a profit for the previous year.[45][46]",4071,8178,48,1.63,3.28,113%,1-May-21
Bosnia and Herzegovina,406 convertible marks ($240) net per month.[47],2789,6015,40,1.34,2.89,49.40%,2015
Botswana,5.46 Botswana pula ($0.58) an hour for most full-time labor in the private sector; 3.03 ($.29) Botswana pula per hour for domestic workers or approximately 24.24 pula ($2.28) a day; 620 Botswana pula ($60) per month for workers in the agriculture sector.[10][18],692,1406,48,0.28,0.56,8.30%,1-Jun-16
Brazil,"1,100 Brazilian reais per month ($ 210.18), paid 13 times a year.[48] The Brazilian minimum wage is adjusted annually by the federal government. Each Brazilian state has its own minimum wage, which cannot be lower than the federal minimum wage.",3625,6530,44,1.58,2.85,43.20%,1-Jan-21
Brunei,None[10],,,48,,,,2017
Bulgaria,"650 Bulgarian lev (€332) per month, 3.86 lev (€1.97) per hour.[37][49][50][51]",4596,10705,40,2.21,5.15,55.60%,1-Jan-21
Burkina Faso,"34,664 CFA francs ($59) per month.[10][52]",710,1905,40,0.34,0.92,107.60%,1-Apr-12
Burundi,"None; in the past the government set the minimum wage, but during the year the minimum wage was set by market forces.[10][41]",,,40,,,,2017
Cambodia,"US$182 per month, for the garment and shoe industry.[53][10][18]",,,48,,,,1-Jan-19
Cameroon,"36,270 CFA francs ($62) per month.[10][54]",743,1819,40,0.36,0.87,50.40%,30-Jul-14
Canada,The minimum wage in Canada is set by each province and territory; ranges from $11.32 to $16 CAD per hour. The minimum wage calculated here is a weighted average based on the relative population in each province.[10][55][56],21477,20953,40,10.33,10.07,46.70%,1-Jun-20
Cape Verde,"13,000 Cape Verdean escudos ($141) per month.[57][58]",1584,3414,44,0.69,1.49,52.10%,1-Jan-18
Central African Republic,"35,000 CFA francs per month, 218.75 CFA francs per hour.[59][60]",777,1392,40,0.37,0.67,199.30%,2011
Chad,"59,995 CFA francs ($110) per month, 355 CFA francs ($0.6) per hour.[10][61][62]",1229,3484,39,0.61,1.72,175%,18-Oct-11
Chile,"337,000 Chilean pesos ($440) per month for workers aged 18–65; or 243,561 pesos ($318) per month for workers younger than 18 and older than 65; and 210,458 pesos ($260) per month for 'non remunerative' purposes.[63]",5753,8886,45,2.46,3.8,38.30%,7-Jul-21
China,"The minimum wage in China is set locally; ranges from RMB1,120 ($161.07) per month, or RMB10.60 ($1.52) per hour in Liaoning; to RMB2,420 ($348.02) per month, or RMB21.00 ($3.02) per hour in Shanghai.[18][64][65][66][67]",1945,3491,40,0.94,1.68,22.50%,31-Jul-18
Colombia,908 526 Colombian pesos + 106 454 by transportation subsidy ($290) per month[68],4022,9620,48,1.61,3.85,68%,1-Jan-21
Comoros,"55,000 Comorian francs ($129) per month.[10]",1502,3037,40,0.72,1.46,199.50%,2017
Democratic Republic of the Congo,"1,680 Congolese francs ($1.83) per day.[10][69]",265,741,45[70],0.11,0.32,92.40%,1-Jan-09
Republic of the Congo,"90,000 CFA francs ($170) per month in the formal sector.[10]",1843,6958,40,0.89,3.35,121.70%,2017
Costa Rica,"Varies for specified industries from ₡10,060.75 ($16.73) per 8-hour work day for all workers to ₡13,141.39 ($23) per day for specialized workers. All other occupations not explicitly covered fall under the generic scale, which varies from ₡300,255.79 ($528) per month for unskilled workers to ₡644,689.30 ($1134) per month for licentiates.[71][72]",6496,10221,48,2.6,4.1,61.50%,1-Jan-21
Côte d'Ivoire,"Varies by occupation, with the lowest set to 36,607 CFA franc ($72) per month for the industrial sector; a slightly higher minimum wage rate is applied for construction workers.[10][73][74]",750,1868,40,0.36,0.9,50.60%,1994
Croatia,"The minimum wage in Croatia is 3,750 Croatian kuna per month. ($566) [18][75]",6795,11250,40,3.27,5.41,48%,1-Jan-19
Cuba,2100 Cuban pesos ($80) per month.[76] Each citizen is however also given free food to supplement the salary.,1050,669,48,0.44,0.74,0.40%,2021
Cyprus,"None; €870 ($1006) per month for shop assistants, nurses' assistants, clerks, hairdressers, and nursery assistants; it rises to €924 ($1069) after six months' employment. For asylum seekers working as unskilled workers in the agricultural sector, the minimum monthly wage was 425 euros ($570) with accommodation and food provided. For skilled workers in the agricultural sector, the minimum salary was 767 euros ($1040) without accommodation and food.[10]",,,48,,,,2017
Czech Republic,"14,600.00 Czech koruna per month, ($637) or 87.30 koruna per hour.[77][18][78]",7918,12716,40,3.81,6.11,36.60%,1-Jan-20
Denmark,"None; instead, negotiated between unions and employer associations; the average minimum wage for all private and public sector collective bargaining agreements was approximately DKK 110 (nominally $16) per hour, exclusive of pension benefits.[10][79]",,,37.5,,,,2017
Djibouti,"None; canceled by the 2006 Labor Code for occupational categories, establishing that wages be set after common agreement between employers and employees. For public sector workers, minimum wage was 35,000 DFJ ($198) per month.[10][80]",,,48,,,,2017
Dominica,EC$4.00 ($1.50) per hour.[10][81][82],3081,4223,40,1.48,2.03,38.60%,1-Jun-08
Dominican Republic,"8,310Dominican pesos ($166) per month in the FTZs and between 9,412 pesos ($188) and 15,448 pesos ($309) outside the FTZs, depending upon the size of the company; 5,884 pesos ($117) per month for the public sector; 320 pesos ($6) a day for farm workers who are covered by minimum wage regulations based on a 10-hour day, with the exception of sugarcane workers who received 146 pesos based on an eight-hour workday.[10][83][84]",2915,6704,44,1.27,2.93,44.10%,2021
Ecuador,"US$466.66 per month (for month average, including proportional 13th and 14th salaries and minimal 15 days vacation period). The minimum wage has been set by the government at $400, per month without social benefits for the year 2020, but a worker also receives mandatory 13rd and a 14th salary.[85]",5200,8525,40,2.5,4.1,75.80%,1-Jan-20
Egypt,"None; for the public sector the minimum wage is LE1,200 ($68) per month.[10]",,,48,,,,2017
El Salvador,The minimum wage was set by the government at $304.17 monthly in 2018.[10][18][86],3650,7019,44,1.6,3.07,81.50%,1-Jan-18
Equatorial Guinea,"129,035 CFA franc ($224) per month.[10]",2643,4479,48,1.06,1.79,17.20%,2017
Eritrea,None; 360 Eritrean nakfa ($23.3) per month in the public sector.[10],,,44.5,,,,2017
Estonia,"€584 per month, or €3.48 per hour.[87][18]",7626,10946,40,3.67,5.26,36.80%,1-Jan-20
Eswatini,531.6 Swazi emalangeni ($76.50) per month for a domestic worker; 420 emalangeni ($60.50) a month for an unskilled worker; 600 emalangeni ($86.50) a month for a skilled worker.[80],694,1128,48,0.33,0.54,19%,2011
Ethiopia,"None; some government institutions and public enterprises set their own minimum wages: public sector employees, the largest group of wage earners, earned a monthly minimum wage of 420 Ethiopian birr ($21); employees in the banking and insurance sector had a minimum monthly wage of 336 birr ($18).[10]",,,48,,,,2017
Federated States of Micronesia,"None; US$2.65 per hour for employment with the national government; all states have a minimum hourly wage for government workers: $2.00 in Pohnpei, $1.25 in Chuuk, $1.42 in Kosrae, and $1.60 in Yap; $1.75 for private sector workers in Pohnpei.[10]",,,40,,,,2015
Fiji,FJ$2.68 per hour.[88][89],3096,5226,48,1.24,2.09,57.40%,30-Sep-17
Finland,"None; however, the law requires all employers, including non-unionized ones, to pay minimum wages agreed to in collective bargaining agreements; almost all workers are covered under such arrangements.[10]",,,40,,,,2017
France,"€1,589.47 ($1815) gross per month, €10.48 ($11.97) per hour.[90]",21786,21924,35,11.97,12.05,53%,1-Jan-21
Gabon,"150,000 CFA francs ($255) per month; government workers received an additional monthly allowance of 20,000 CFA francs ($34) per child; government workers also received transportation, housing, and family benefits; the law does not mandate housing or family benefits for private sector workers.[10][91]",3072,4865,40,1.48,2.34,26.90%,1-Feb-10
The Gambia,50 dalasi ($1.25) per day.[10],260,958,48,0.1,0.38,57.10%,2017
Georgia,20 Georgian lari ($8) per month for private sector workers which has remained unchanged since the early 1990s but is not applied in practice; 115 lari ($48) per month for public employees.[10],106,353,40,0.05,0.17,3.50%,2017
Germany,€9.35 ($10.68) per hour is the minimum wage in Germany. A higher minimum wage is often set by collective bargaining agreements and enforceable by law.[18],22214,23431,40[92],10.68,11.27,48%,1-Jan-20
Ghana,9.68 Ghanaian cedis ($1.7) per day.[18][10][93],482,1760,40,0.23,0.85,41%,1-Jan-18
Greece,"€758 ($853) per month in 12 payments, €650 ($732) per month in 14 payments, or €5.71 ($6.51) per hour.[37][94]",10389,13376,40,4.99,6.43,50%,1-Feb-19
Grenada,"Minimum wage schedules set pay by occupation; for example, the minimum wage for domestic workers, for example, was EC$4.50 per hour, while that for a security guard was EC$8.00 per hour.[10]",,,40,,,,2017
Guatemala,"81.87 Guatemalan quetzales ($10.9) per day for agricultural and nonagricultural work and 74.89 quetzales ($10.0) per day for work in export-sector regime factories. Minimum wage earners also are due a mandatory monthly bonus of 250 quetzales ($33), and salaried workers receive two mandatory yearly bonuses (the bono 14 and the Christmas bonus), each equivalent to one month's salary.[10][18]",3941,6974,48,1.58,2.79,87.80%,1-Jan-16
Guernsey,£8.70 per hour ($11.60) for those aged 18+ £8.25 per hour ($11.00) for those aged 17–18.[95],,,,,,,1-Jan-21
Guinea,"The labor code allows the government to set a minimum hourly wage; however, the government has not exercised this provision except for setting the minimum wage for domestic workers at 440,000 GNF ($62) per month.[10]",,,48,,,,2017
Guinea-Bissau,"19,030 CFA francs ($30) per month plus a bag of rice[10]",390,935,45,0.17,0.4,58.10%,2017
Guyana,"G$35,000 ($168 USD) per month, or G$1,616 ($7 USD) per day, or G$202 ($1 USD) per hour.[96]",2015,3204,40,0.97,1.54,40.90%,1-Jul-13
Haiti,290 Haitian gourdes per day for servants for an eight-hour workday; 400 Haitian gourdes per day for segment A industries; 350 Haitian gourdes per day for segment B industries; 290 Haitian gourdes per day for segment C industries; 350 Haitian gourdes per day for companies with piece work that re-export; and 350 Haitian gourdes per day for companies with piece work that exports.[97][10][98][99][100],1075,3194,48,0.43,1.28,179.10%,1-Aug-17
Honduras,"Minimum wages ranged from a low of 6,096.71 Honduran lempiras per month, 25.41 lempiras per hour to 10,698.30 lempiras per month, 44.58 lempiras per hour.[10][18][101]",2372,4948,44,1.04,2.16,104.50%,1-Jan-18
Hong Kong,HK$37.50 (US$4.8) per hour is the minimum wage in Hong Kong.[102],9954,12093,40,4.79,5.81,20.60%,1-May-19
Hungary,"161,000 HUF ($554) per month for unskilled labor, 210,600 HUF ($725) per month for skilled labor.[18][103][104][105][106]",6647,12933,40,3.2,6.22,48.40%,1-Jan-20
Iceland,"None; minimum wages are negotiated in various collectively bargained agreements and applied automatically to all employees in those occupations, regardless of union membership; while the agreements can be either industry- or sector-wide, and in some cases firm-specific, the minimum wage levels are occupation-specific.[10][37]",,,40,,,,2017
India,"Though stipulated by law, it varies from 160 rupees ($2.27) per day in Bihar, Rs. 348/day ($4.94) in Mumbai (2017)[107] 750 rupees ($11) per day in Kerala. State governments set a separate minimum wage for agricultural workers.[10] The minimum wages are set according to Minimum Wages Act, 1948.[108]",709,2498,48,0.28,1,38%,2015
Indonesia,"Established by provincial and district authorities, which vary by province, district, and sector; the lowest minimum wage is in the province of Yogyakarta at rupiah 1,704,608 (US$121) per month and the highest is in Jakarta at rupiah 4,276,349 (US$303) per month.[18] [109]",2477,7028,40,1.19,3.38,60.50%,1-Feb-20
Iran,"2,655,495 Iranian tomans (equal to 26,554,950 rials), and to ($106) per month effective on the 2021 Persian New year;[110] set annually for each industrial sector and region. The standard workweek is 44 hours, and any work over 48 entitles the worker to overtime.[10]",1275,8812,44[111],0.56,3.85,47.60%,21-Mar-21
Iraq,"250,000 Iraqi dinars ($214) per month.[10]",2538,5222,40,1.22,2.51,30.10%,2014
Ireland,"€10.10 ($11.54) per hour, with sub-minimal rates for those under 18 (70% of minimum), and for those over 18 in first year of employment (80%), in second year of employment (90%). [112] Eurostat calculates the monthly rate for Ireland as (hourly rate x 39 hours x 52 weeks) / 12 months [113]",23395,20483,39,11.54,10.1,28.70%,1-Feb-20
Isle of Man,£8.25 per hour ($10.18) for those aged 18+ £6.15 per hour ($7.59) for those aged under 18 £7.30 per hour ($9.01) for development worker.[114],,,,,,,1-Oct-19
Israel,"₪5,300 ($1487) per month; or ₪29.12 ($8.17) per hour.[115][116]",17842,14389,42,8.17,6.59,38.60%,1-Apr-18
Italy,None; instead set generally through collective bargaining agreements on a sector-by-sector basis.[10][78],,,40,,,,2019
Jamaica,"J$7,000 ($53) per week.[117]",2730,4564,40,1.31,2.19,51.70%,1-Aug-18
Japan,"Ranges from 820–1,041 Japanese yen ($7.52–$9.55) per hour; varies on a prefectural and industry basis.[118][119]",15646,15918,40,7.52,7.65,37.60%,8-Oct-21
Jersey,£8.32 per hour ($10.27) for those aged 18+ £7.28 per hour ($8.99) for trainees year 2.£6.02 per hour ($7.43) for trainees year 1.[120],,,,,,,1-Apr-20
Jordan,220 Jordanian dinars ($310) per month.[121],5408,11636,48,2.17,4.66,128.60%,12-Feb-17
Kazakhstan,"28,284 Kazakhstani tenge ($78) per month is the minimum wage in Kazakhstan.[10][18][122]",887,2987,40,0.43,1.44,11.80%,1-Jan-18
Kenya,"Set by the government by location, age and skill level; the lowest agricultural minimum wage for unskilled employees was 6,415.55 Kenyan shillings per month, 269.40 per day, excluding housing allowance.[10][18][123][124]",755,1656,52,0.28,0.61,52.50%,1-May-17
Kiribati,"AUD$1.30 per hour for local businesses and companies, while the minimum wage for overseas-funded projects is AUD$3.00 an hour[10][125]",1880,2389,40,0.9,1.15,113.30%,1-Nov-16
North Korea,"Averaging 5,000 – 10,000 North Korean won ($5.5 – $11.1) per day.[126]",,,,,,,2014
South Korea,"8,590 won ($7.5 USD) per hour is the nominal minimum wage in South Korea,[127] although the real effective comparable minimum wage is higher at 10,474 won ($9.2 USD) per hour due to a mandatory weekly paid holiday for people that work more than 15 hours per week, a law that is absent in other developed countries.[128] The minimum wage law applies equally to foreign, temporary or young workers covering all industries and regions nationwide.",18695,21705,40,8.99,10.43,59.40%,1-Jan-21
Kosovo,€170 ($224) per month for workers between 35 and 65 years of age; €130 ($150) for workers under 35 years of age.[10][129],2330,6220,40,1.12,2.99,61.80%,17-Aug-11
Kuwait,60 Kuwaiti dinars ($216) per month.[10][130],2372,3600,48,0.95,1.44,4.80%,14-Apr-10
Kyrgyzstan,"1140 Kyrgyzstani som ($14) per month, nominally; used for administrative purpose.[10][131][132][133]",196,661,40,0.09,0.32,18.60%,1-Jan-17
Laos,"800,000 Lao kip ($100) per month; additionally, employers were required to pay a 30,000-kip ($3.74) meal allowance per day. The minimum wage for civil servants and state enterprise employees was last increased to 1,400,000 kip ($170) per month.[10][134][135]",1869,5180,48,0.75,2.08,79.10%,2014
Latvia,€500 ($571) per month.[136],6853,10526,40,3.29,5.06,41.10%,1-Jan-21
Lebanon,"675,000 pounds ($446) per month ($66 using the parallel market rate as of 1-Jul-2020), or 30,000 pounds ($2.94) per day.[10][137]",5212,8947,48,2.09,3.58,62.50%,1-Feb-12
Lesotho,"1,178 maloti ($102) per month to 1,285 maloti ($112) per month; varied by sector.[10]",978,3027,45,0.42,1.29,102.60%,2014
Liberia,"15 Liberian dollars ($0.31) per hour not exceeding 8 hours per day, excluding benefits, for unskilled laborers; 5,600 LD ($114) per month for civil servants.[10]",774,10,48,0.31,0,1.20%,2014
Libya,450 Libyan dinars ($325) per month; the government heavily subsidizes rent and utilities.[10][138][139][140],3863,7770,40,1.86,3.74,133.90%,1-Mar-11
Liechtenstein,None[10],,,48,,,,2014
Lithuania,"€607 ($693) per month, €3.72 ($4.25) per hour for unskilled labor.[141] Although, 141 article of the Labour code of Lithuania requires to pay more for the skilled labor.[142]",8054,13826,40,3.87,6.65,46.30%,1-Jan-20
Luxembourg,"€2,071.10 ($2366) per month, €11.97 ($13.67) per hour for unskilled workers over 18; increased by 20% for a skilled employee; decreased by 20% to 25% in the case of an adolescent worker.[143][37][144][145]",28438,24651,40,13.67,11.85,24.10%,1-Jan-19
North Macedonia,"22,146 Macedonian denars (406$) gross per month.[94][146][147]",2293,5488,40,1.1,2.64,36.70%,1-Apr-21
Macau,6656 Macanese patacas ($833) per month.[148],9897,13584,40,4.76,6.53,11.70%,1-Nov-20
Madagascar,"133,013.40 Malagasy ariary per month, 767.40 ariary per hour for non-agricultural workers; 134,920.00 ariary per month, 674.60 ariary per hour for agricultural workers.[10][18]",397,1601,41[149],0.19,0.75,106.30%,1-Jan-15
Malawi,MK 687.70 per day.[10][18][150],288,1035,48,0.12,0.41,88.60%,1-Jan-16
Malaysia,"RM1200 ($283) per month, or RM4.81 ($1.1) per hour on the peninsula; and RM920 ($224) per month, or RM4.42 ($1.0) per hour for the states of Sabah, Sarawak, and Labuan.[151][152] To be fully enforced on July 1, 2016.",2663,6646,48[10],1.07,2.66,24%,1-Jan-19
Maldives,"None; 3,100 Maldivian rufiyaa ($242) per month in the government sector.[10]",,,48,,,,2014
Mali,"28,465 CFA francs ($57), supplemented by a required package of benefits, including social security and health care.[10]",583,1560,48[153],0.23,0.62,73.40%,2014
Malta,"€778.34 ($889) per month, or €169.76 ($194) per week; combined with an annual mandatory bonus of €270.20 ($309) and a €242.32 ($277) annual cost of living increase, automatically adjusted for inflation.[154][155]",10668,14152,40,5.13,6.8,37.30%,1-Jan-17
Marshall Islands,US$2.00 per hour for government and private sector employees.[10][156],4160,3902,40[157],2,1.88,97%,6-Mar-86
Mauritania,"3,000 Mauritanian Ouguiya (30,000 Old Ouguiya, $83.8 in 2017 terms) per month for adults.[158][159]",981,295,40,0.47,0.14,7.70%,2011
Mauritius,"2,035 Mauritian rupees (56.77 USD) per week for an unskilled worker in the Export Processing Zone(EPZ); 2,035 rupee per week for an unskilled factory worker outside the EPZ plus a ""salary compensation"" of 90 rupees per week; set by the government by sector, and increased each year based on the inflation rate. Both categories of workers also benefit from a ""special allowance"" from the revenue agency which means that all full-time workers in Mauritius earn a minimum wage of 2,250 rupees (62.76 USD) per week or 9,000 rupees (251.05 USD) per month [160][161][10]",2983,5438,45,1.27,2.32,25.80%,2019
Mexico,172.87 Mexican pesos ($8.98) per day; 260.34 Mexican pesos ($13.51) per day on the Free Zone of the Northern Border. Day off is paid according to Mexican labor legislation so the total amount of paid hours is 56 (Art. 69) [162] but the working hours are 48.[18][163],3266,6224,48,1.31,2.49,36%,2022
Moldova,2775 Moldovan lei ($156) per month in the private sector.[164],1895,4854,40,0.91,2.33,91%,1-May-19
Monaco,"€1,779.82 per month, or €10.53 per hour; same as the French minimum wage, plus a 5% adjustment.[165]",24092,,39,11.88,,17%[166],1-Jan-19
Mongolia,"420,000 Mongolian tögrög ($155) per month.[167]",1892,6068,40,0.91,2.92,49.50%,1-Jan-20
Montenegro,€193 ($215) per month.[10][168],2645,5386,40,1.27,2.59,30.50%,1-May-13
Morocco,"3 000 MADs ($310) per month[169] in public sector, 2 570.86 MAD ($265) per month in private sector,[170] 69,73 MAD ($7) per day for agricultural workers.[171]",3736,8556,44[172],1.63,3.74,108.90%,1-Jul-15
Mozambique,"Set for nine different economic sectors; ranges from 3,002 Mozambican meticias ($51) per month in the public sector, to 7,465 meticias ($129) per month in the financial sector.[10][18]",576,1818,40,0.28,0.87,149.40%,1-May-14
Myanmar,"3,600 Myanmar kyat per day, 450 Myanmar kyat per hour.[10][173][174]",672,3011,44,0.29,1.32,52.60%,1-Sep-15
Namibia,"None; the mining, construction, security and agricultural sectors set basic levels of pay through collective bargaining.[10]",,,45,,,,2014
Nauru,"None; there is a graduated salary system for public service officers and employees, none for private-sector workers.[10]",,,40[175],,,,2014
Nepal,"13,450 Nepalese rupees ($119) per month[176]",1430,4405,48,0.57,1.76,177.80%,Jul-18
Netherlands,"€1,701.00 ($1943) per month, €392.55 per week, €78.51 per day, and €9.82 ($11.22) per hour for persons 21 and older (in a 40-hours work week, €10.34 per hour in a 38-hours workweek and €10.91 per hour in a 36-hours workweek) ; between 30–80% (as low as €2.95 per hour[177]) of this amount for persons aged 15–20.[178]",23315,22935,40[179],11.21,11.03,45.40%,1-Jul-21
New Zealand,"NZ$20.00 per hour for workers 18 years old or older, and NZ$16.00 per hour for those aged 16 or 17 or in training; there is no statutory minimum wage for employees who are aged 15 years or under.[180][181]",27407,25366,40,13.18,12.2,65.80%,1-Apr-21
Nicaragua,"Set for nine different economic sectors; ranges from 4,414 Nicaraguan córdobas per month in the agricultural sector to 7,133.44 córdobas per month in the financial sector.[18]",1599,4704,48,0.64,1.88,84.90%,1-Mar-21
Niger,"30,047 CFA francs ($60) per month.[10][18]",615,1633,40,0.3,0.78,165.50%,17-Aug-12
Nigeria,"30,000 naira per month (following the recent devaluation of the naira has fallen to $76.92, or $66.6 using the parallel market rate).[182][183]",1108,2911,40,0.53,1.4,49.70%,18-Nov-19
Northern Cyprus,2740 Turkish liras ($483) per month (gross minimum wage).[184],9012,,40,,,,1-Mar-18
Norway,"None; wages normally fall within a national scale negotiated by labor, employers, and local governments.[10]",,,37.5,,,,2014
Oman,225 Omani rials ($592) per month plus allowances of 100 rials ($263) per month for citizens; does not apply to foreign workers.[10][185],10143,19500,45,4.33,8.33,42.50%,1-Jul-13
Pakistan,17500 Pakistani rupees ($128) per month.[10][18][41],1539,6546,48,0.62,2.62,125%,1-Jun-16
Palau,US$3.00 per hour; does not include foreign workers.[10][186],6240,6638,40[187],3,3.19,40.70%,1-Oct-14
Palestine,"₪1,450 ($407) per month;[188][189][190]",4833,,45,2.07,,,2014
Panama,"1.53 to 4.45 balboas ($1.53 – $4.45 USD) per hour, depending on region and sector. Food and the use of housing facilities were considered part of the salary for some workers, such as domestic and agricultural workers. Salaries for domestic workers ranged from 250 to 275 balboas ($250-$275 USD) per month. The agricultural and construction sectors received the lowest and highest minimum wages, respectively.[10][191][192]",3819,6473,48,1.53,2.59,28.10%,1-Jan-18
Papua New Guinea,3.20 Papua New Guinean kina ($1) per hour.[10][193],2161,2795,44[194],0.94,1.22,66.80%,1-Aug-14
Paraguay,"2,289,324 Paraguayan guaraníes ($335) per month; The law discriminates against domestic workers, who are legally entitled to only 40 percent of the minimum wage. The law mandates that housing and food be counted towards domestic worker's salary.[10][18][195][196]",4402,10575,48,1.76,4.24,110.50%,1-Jul-21
Peru,930 Peruvian soles ($294) per month.[10][18],3344,6414,48,1.34,2.57,49.30%,1-Jun-18
Philippines,Ranges from PhP243 ($4.60) daily non-agricultural wage in Ilocos to PhP537 ($10.16) daily non-agricultural wage in Metro Manila.[197],2696,6912,40[198],1.3,3.32,88.60%,16-Mar-19
Poland,"3,010 PLN ($784) per month, or 19.70 PLN ($5.13) per hour is the minimum wage in Poland.[199][18]",9408,19213,40,4.52,9.24,70.20%,1-Jan-22
Portugal,"€741 per month ($800) in 12 payments; €635 per month ($685) in 14 payments for full-time workers, rural workers, and domestic employees ages 18 and older.[200][37]",9594,12353,40,4.61,5.94,40.30%,1-Jan-20
Qatar,"1000 Qatari riyals ($274) per month (in addition to the minimum wage, following applies; the provision of 500 riyals ($137) for accommodation and 300 riyals ($82.2) for food if those expenses are not provided as part of the contract).[201]",,,48,,,,2020
Romania,2300 lei ($555.4) per month; else 14.044 lei ($3.29) per hour for a full-time schedule of 167 hours per month is the minimum wage in Romania.[202],6513,14603,40,3.13,7.02,63.40%,1-Jan-21
Russia,12792 RUB (173 USD)[203],2371,6170,40,1.14,2.97,24.90%,1-Jan-21
Rwanda,"None; ranges from 500 to 1,000 Rwandan francs ($0.83 to $1.66) per day in the tea industry and 1500 to 5000 francs ($2.50 to $8.30) per day in the construction industry.[10]",,,45,,,,2013
Saint Kitts and Nevis,EC$9.00 per hour.[10][204][205],6933,9087,40[206],3.33,4.37,34.40%,1-Nov-14
Saint Lucia,Minimum wage for some sectors; EC$300 ($111) per month for office clerks; EC$200 ($74) for shop assistants; EC$160 ($59) for messengers.[10],,,40,,,,2013
Saint Vincent and the Grenadines,"Set sector by sector; for example, EC$56 ($20.74) per day for agriculture workers (shelter not provided); EC$40 ($14.81) per day for industrial workers; and EC$25 per day for household domestic workers.[10][207][208]",2407,3351,40,1.16,1.61,29.20%,1-Jul-08
Samoa,WST$2.00 ($0.89) per hour for the private sector; WST$2.65 ($1.18) for the public sector.[10],1589,2237,40,0.76,1.08,35.10%,2012
San Marino,€1501.49 ($1735) per month; or €9.24 ($10) per hour for the lowest paying industry[209][10][210],20580,23400,37.5[211],10.55,12,38.40%,1-Jan-17
São Tomé and Príncipe,"None; 750,000 São Tomé and Príncipe dobras ($40) per month for civil servants[80]",,,,,,,2013
Saudi Arabia,"3,000 Saudi riyals ($800) per month for public sector; does not apply to foreign workers. There are no minimum wage in private sector.[10][212]",9600,18557,48,3.85,7.43,34.10%,2-Feb-13
Senegal,209.10 CFA francs ($0.42) per hour for general workers and 182.95 CFA francs ($0.37) per hour for agricultural workers.[10][18][213],649,1617,40,0.31,0.78,63%,1-Jan-96
Serbia,"45,337 Serbian dinars ($436) gross monthly. Also, 201.22 Serbian dinars ($1.94) per hour net.[10][214]",3410,7291,40,1.64,3.51,50.20%,1-Jan-22
Seychelles,SR26.70 ($1.9) per hour for all workers other than casual workers; SR30.78 ($2.1) per hour for casual workers.[10][215][216],3957,6435,40[217],1.9,3.09,22.70%,1-Jan-14
Sierra Leone,"500,000 Sierra Leonean leones ($57) per month.[10][218][219][220]",666,2602,40,0.32,1.25,176.20%,1-Jan-15
Singapore,"None.[10] However, two exceptions: 1) Cleaner jobs to have a minimum wage of 1,200 Singapore dollars ($860) per month effective July 2019.[221] 2) Security guards to have a minimum wage of 1,100 SGD ($802) per month effective September 2016.[222]",,,44,,,,2019
Slovakia,"€623 ($712) per month, or €3.58 ($4.09) per hour.[18][223]",8410,13388,40,4.04,6.44,44%,1-Jan-21
Slovenia,€886.63 per month.[18][37][224],12153,15880,40,5.84,7.63,48.50%,1-Jan-19
Solomon Islands,"SI$4.00 ($0.55) per hour for all workers except those in the fishing and agricultural sectors, who received SI$3.20 per hour.[10]",916,955,45,0.39,0.41,42.70%,1-May-08
Somalia,None.[10],,,48,,,,2013
South Africa,"R20 per hour for all workers, except for farm workers who have a minimum of R18, domestic workers who have a minimum of R15, and Expanded Public Works Programme workers who have a minimum of R11.[225]",3239,8897,45,1.38,3.8,67.40%,1-Jan-19
South Sudan,None.[226],,,,,,,2011
Spain,"€1108 ($1266) per month in 12 payments, €950 ($1085) per month in 14 payments.[227]",15187,17968,40,7.3,8.64,49.50%,1-Jan-20
Sri Lanka,"10,000 rupees (US$70.75) per month.The minimum wages are set according to National Minimum Wage of Workers Act, No. 3 of 2016[18]",671,2414,45,0.29,1.03,19.60%,1-Jan-16
Sudan,425 Sudanese pounds (US$0.95 as of August 2021) per month.[228] See Minimum wage in Sudan.,84,1087,40,0.04,0.52,23%,2013
Suriname,None; SRD 600 ($180) per month is the lowest wage for civil servants.[10],,,45,,,,2013
Sweden,"None; in Sweden the law provides for the right of workers to form and join independent unions to bargain wages collectively, and it prohibits antiunion discrimination.[10]",,,40,,,,2017
Switzerland,"20 Swiss francs ($20.13) per hour in the cantons Jura and Neuchâtel, the rest of the country has no minimum wage.[229] There are a minority of the voluntary General Labour Contracts (GLC, collective labour agreements), reached on a sector-by-sector basis,[230] contain minimum compensation clauses, which provide for compensation ranging from CHF 2,200 to 4,200 ($2214 to $4226) per month for unskilled workers and CHF 2,800 to 5,300 ($2818 to $5333) per month for skilled employees.[10] On 18 May 2014, Swiss voters rejected a federal initiative (by 76.3%) that would have enforced GLCs for every sector and set the hourly minimum wage at CHF 22 ($22.14, or PPP-adjusted $12.55).[231][232]",,,41.7[233][234],,,,2014
Syria,"9,765 to 14,760 Syrian pounds ($6–$10)(adjusted for inflation) per month, plus benefits, including compensation for meals, uniforms, and transportation.[80]",96,2850,40,0.4,1.37,54%,2013
Taiwan,"NT$24,000 ($854 USD) per month; NT$160 ($5.7USD) per hour is the minimum wage in Taiwan.[235][236]",9702,22359,40,5.26,12.12,39.10%,1-Jan-21
Tajikistan,"250 Tajikistani somoni ($31) per month, plus certain government subsidies for workers and their families.[80][237]",315,1288,40,0.15,0.62,43.20%,1-Sep-13
Tanzania,"Varies by sector from 40,000 Tanzanian shillings ($17) per month, to 400,000 shillings ($174) per month.[10][18]",209,593,45[238],0.09,0.25,21.30%,1-Jul-13
Thailand,"Ranges from 313 to 336 baht ($10.35–11.10) per day and up, depending on the cost of living in various provinces; set by provincial tripartite wage committees that sometimes include only employer representatives.[239]",3316,8031,48,1.33,3.22,47.50%,1-Jan-20
Timor-Leste,US$115 per month.[10][240],1380,2123,44,0.6,0.93,99.20%,22-Jun-12
Togo,"35,000 ($70) CFA francs per month.[10][18]",717,1796,40,0.34,0.86,120.50%,1-Jan-12
Tonga,None[10],,,40,,,,2013
Trinidad and Tobago,"TT$15.00 ($2.36) per hour.,[241] ($355) per month",4619,5503,40,2.22,2.65,16.70%,1-Jan-15
Tunisia,For the industrial sector: 465 Tunisian dinars ($166) per month for a 48-hour workweek and 401 dinars ($143) per month for a 40‑hour workweek.[242],1902,6723,48,0.76,2.69,58%,2020
Turkey,"3,446 Turkish liras ($255) per month.[243]",7288,25845,45,3.11,11.04,102.40%,1-Jan-22
Turkmenistan,535 Turkmenistani manat ($156) per month.[10][244],1834,4842,40,0.88,2.33,28.70%,1-Jan-15
Tuvalu,"None; the minimum annual salary in the public sector was approximately A$3,000 to A$4,000 ($3,120 to $4,160).[10]",,,,,,,2013
Uganda,"130,000 Ugandan shillings ($34.58) per month.[10][18][41]",417,1298,40,0.2,0.62,71.30%,1-Jul-17
Ukraine,"₴ 6500 (UAH) ($239.23) per month, 39,12 hryvnias ($1.44) per hour, annual wage 2,870 US.[18][245]",3018,13198,40,1.45,6.35,159.60%,1-Dec-21
United Arab Emirates,None.[10],,,48,,,,2013
United Kingdom,The minimum wage in the United Kingdom is: £8.91 ($11.37) per hour for those aged 23+ £8.36 ($10.67) per hour for those aged 21–22 £6.56 ($8.37) per hour for those aged 18–20 £4.62 ($5.9) per hour for under 18 £4.30 ($5.49) per hour for apprentices aged 16 to 18 and those aged 19 or over who are in their first year[246],23656,23166,40,11.37,11.14,54.30%,1-Apr-21
United States,"The federal nationwide minimum wage in the United States is US$7.25 per hour.[247] States may also set a minimum, in which case the higher of the two is controlling; some territories are exempt and have lower rates.[247] As of July 1, 2019[248][249] Local government minimum wages exist as well, the highest of which reach to $16 per hour.[250]",15080,15080,40,7.25,7.25,26.20%,24-Jul-09
Uruguay,"17,930 Uruguayan pesos ($423) per month.[251][252]",6103,9183,48,2.45,3.68,42.50%,2021
Uzbekistan,"634,880 Uzbekistani som ($66) per month.[10][253]",862,7954,40,0.41,3.82,122.10%,1-Sep-19
Vanuatu,"30,000 Vanuatu vatu ($323) per month, 170 vatu per hour.[10][254]",3095,3041,40,1.49,1.46,98.70%,20-Aug-12
Venezuela,"The minimum wage in Venezuela is 400,000 Venezuelan Bolívares per month, including a food bond the total raises up to 800,000 Bolívares, which is equivalent to about US$0.86 as November 26.[255][256][257]",10.32,,,,,,1-May-20
Vietnam,"Varies by region; Region I: VND 3,980,000 per month; Region II: VND 3,530,000 per month; Region III: VND 3,090,000 per month and Region IV: VND 2,760,000 per month.[10][18]",1437,3676,40,0.69,1.77,58.40%,1-Jan-18
Yemen,"None; the minimum civil service wage was 21,000 rials ($100) per month.",,,48,,,,2013
Zambia,"Varies by sector; K993.60 Zambian kwacha ($81) per month for domestic workers. Shop workers’ minimum wage is K1,698.60 with transport, lunch and housing allowances inclusive, and wages increasing according to the grades of employees, with the minimum wage of the highest grade in this category being K3,558.90. In the general workers’ category, which includes receptionists and guards among others, the minimum wage for category one workers is K1,698.60, while the highest category is at K3,151.61.[258]",925,3180,48,0.37,1.27,80.80%,10-Sep-18
Zimbabwe,"None, except for agricultural and domestic workers; government regulations for each of the 22 industrial sectors specify minimum wages. The minimum wage for all mine workers is currently pegged at $227 per month.[126]",,,,,,,2012